{
    "plddts": {
        "model_1_pred_0": 94.74455635401164,
        "model_2_pred_0": 95.18575529681551,
        "model_3_pred_0": 94.6344350165324,
        "model_4_pred_0": 95.34085719158905,
        "model_5_pred_0": 94.18791701328864
    },
    "order": [
        "model_4_pred_0",
        "model_2_pred_0",
        "model_1_pred_0",
        "model_3_pred_0",
        "model_5_pred_0"
    ]
}